id,prediction
wte_56484d18a23e2e823eac652bf1c2ce9b,LAnkle>LThigh>RWrist>Waist>RUpArm
wte_cf21f7a287554f36bb986ba8763a63ed,RWrist>RUpArm>Waist>LAnkle>LThigh
wte_c7c699eea5afbb6ce6e709fbc1e779a8,RWrist>RUpArm>LAnkle>Waist>LThigh
wte_a13e8fa18d92fc490e9720e4da010c02,RWrist>RUpArm>Waist>LAnkle>LThigh
wte_653e5742388f732d8b68ff68b0ef1251,RUpArm>LAnkle>RWrist>Waist>LThigh
wte_b50d6ffa0a519ef8ff9946868b7739b6,RUpArm>Waist>RWrist>LThigh>LAnkle
wte_cfd7d92ece95c7c441f2628757afb59c,LAnkle>LThigh>Waist>RWrist>RUpArm
wte_dcebc3b7f137be8df5bd41e0ec144dcb,RWrist>RUpArm>LThigh>LAnkle>Waist
wte_0c84fa6d6b0423204c02e50ab990af79,RWrist>RUpArm>LThigh>LAnkle>Waist
wte_f7872e5c1f74bd6d3417693554a3892d,LAnkle>LThigh>RUpArm>RWrist>Waist
wte_66c40eac96948e859795eff5f25a97a3,Waist>LThigh>RWrist>RUpArm>LAnkle
wte_b0c12057a45b2247a91f9493740fb987,RWrist>RUpArm>LAnkle>Waist>LThigh
wte_c7aaee650c1b6e009c69e046699c9bd7,Waist>RUpArm>RWrist>LThigh>LAnkle
wte_a6cfc91e816928f9e80879b371d33e2d,Waist>RWrist>RUpArm>LThigh>LAnkle
wte_18182c510ed4eaac0ccc4cedd22f8989,RWrist>RUpArm>LThigh>Waist>LAnkle
wte_1801c59cc7e06ac49dfe658a64f3c35f,RUpArm>Waist>RWrist>LThigh>LAnkle
wte_67e0792bc2c18e86ece45fca51da537a,LAnkle>LThigh>RWrist>RUpArm>Waist
wte_3d45b8a870e69bcd887d0ec4b9fa2145,RUpArm>RWrist>LThigh>LAnkle>Waist
wte_b99c6b862351a170f143e9eefa1454bd,Waist>RWrist>RUpArm>LThigh>LAnkle
wte_68448f3becb7f19cec1029d2a6f67f0b,RUpArm>RWrist>Waist>LAnkle>LThigh
wte_11174bdf48eac901a03e4ec1263c1c12,Waist>RUpArm>RWrist>LThigh>LAnkle
wte_eeb3b18bef69bd34505b3579854438ac,RWrist>LThigh>RUpArm>Waist>LAnkle
wte_9054027c558654beb2a48684bd2f9049,LAnkle>RWrist>Waist>RUpArm>LThigh
wte_3bc0980e80229b47e392fd346e2401ca,Waist>RUpArm>RWrist>LThigh>LAnkle
wte_dd28c9a02e298077d27525e13a566423,LAnkle>RWrist>RUpArm>Waist>LThigh
wte_e59fd1ea5070e0bd2534720033de3ac0,RWrist>RUpArm>LThigh>LAnkle>Waist
wte_32dfc1d63b7491b8241c51268afd5e64,RUpArm>Waist>RWrist>LThigh>LAnkle
wte_1c9f6506a1816cfea7ab548b7a26fe7c,RWrist>LAnkle>Waist>LThigh>RUpArm
wte_c36799ebab1a2d4a0fe32f29f686f198,LAnkle>LThigh>RWrist>Waist>RUpArm
wte_7a7a5e1cf88e62b40ea23193ce72875d,RWrist>LAnkle>RUpArm>Waist>LThigh
wte_6f3a93dbefed1750fcb9893b251fba13,RWrist>RUpArm>Waist>LThigh>LAnkle
wte_6bd0ef5be76d12f442dfc1f220cdf2ea,LAnkle>LThigh>RWrist>Waist>RUpArm
wte_52e688266e0846134f6b25eb37e62138,LAnkle>RWrist>RUpArm>LThigh>Waist
wte_b81938e3a670e9c522ef7545a9059db5,LAnkle>RUpArm>RWrist>Waist>LThigh
wte_974ea6fbef6503242cae7dad608a87be,LAnkle>RWrist>RUpArm>Waist>LThigh
wte_db972d42d157ab36adf5c29cbd6003ff,Waist>RWrist>RUpArm>LThigh>LAnkle
wte_7111913c7a9565de7e6d090556965083,LAnkle>RWrist>RUpArm>LThigh>Waist
wte_ec4e6525eab1f61a22556e92fd6f8f48,Waist>RUpArm>RWrist>LThigh>LAnkle
wte_5f5489dbcbd9afddb4855be4f70448f9,RWrist>LThigh>RUpArm>Waist>LAnkle
wte_c4b6560babe5a12c3b77b18e962f8e5e,Waist>RUpArm>RWrist>LThigh>LAnkle
wte_6edfd259784045b7bbd29e8444de24af,RWrist>LThigh>RUpArm>Waist>LAnkle
wte_1d2b70b036fec7707475cddac40f8f51,RWrist>Waist>RUpArm>LAnkle>LThigh
wte_5fe1a2d767d9d19bfcf235dcc0d242d7,RWrist>RUpArm>Waist>LAnkle>LThigh
wte_3566ec787bd8ac4cc2e5710f3681f911,LAnkle>LThigh>RWrist>Waist>RUpArm
wte_a1832d8f38f5818d45402ba9e5a29265,Waist>LThigh>RUpArm>LAnkle>RWrist
wte_91f7ccb32948197287996275e51f9f57,LThigh>LAnkle>RWrist>Waist>RUpArm
wte_e89a3cf60499569b3c28c2ae92cf08ea,RWrist>Waist>LThigh>RUpArm>LAnkle
wte_c1d24e06528ce2093916cb27c163f1d7,Waist>RWrist>LThigh>RUpArm>LAnkle
wte_e8c42f9bd7e3cc9405f84a9c607c6d88,RWrist>RUpArm>Waist>LThigh>LAnkle
wte_f239f5152e7161af09814d741695fc42,LThigh>RWrist>LAnkle>Waist>RUpArm
wte_5ccd04fa1397ac2be76977be7bf98ba6,RWrist>RUpArm>LAnkle>Waist>LThigh
wte_03cd14b31cc96478e87328fdacbc71b0,LThigh>LAnkle>RWrist>Waist>RUpArm
wte_377a25962797d2968ecff8827e681e49,LThigh>Waist>LAnkle>RWrist>RUpArm
wte_f9eb8717235aafc0a6b43d54120bade4,LThigh>RWrist>LAnkle>Waist>RUpArm
wte_325406692fbbafbff4638aaf51ea1335,RWrist>RUpArm>LThigh>Waist>LAnkle
wte_874cb444b378ee115e69ff81e0560387,RWrist>RUpArm>LAnkle>LThigh>Waist
wte_09bcc7b3e9747609e68b1d01a0c611c3,RWrist>RUpArm>LThigh>LAnkle>Waist
wte_929c493604ac7ee06d14ba0ecf6cbdad,RWrist>RUpArm>LAnkle>LThigh>Waist
wte_01db72ca019f5731ac86399b666cc8bb,RWrist>RUpArm>LThigh>LAnkle>Waist
wte_6c281adac2635149f91743a6462f0368,Waist>RUpArm>LThigh>LAnkle>RWrist
wte_816d1c6a980654fa3d3577e2ddbcda37,RUpArm>RWrist>Waist>LThigh>LAnkle
wte_5f75fe18b8ac7b3bd1673ec6c1d62480,RWrist>RUpArm>LAnkle>Waist>LThigh
wte_788e8ec3be612cbd4b688852822800a0,LThigh>RWrist>LAnkle>Waist>RUpArm
wte_61d96693df97e7a34a97c69ceb6e3ff8,RWrist>RUpArm>LAnkle>Waist>LThigh
wte_93f6727bf093544879d36b511db6cb2e,Waist>RWrist>LAnkle>LThigh>RUpArm
wte_0dea39eebd224ce5468fc969d116c3f1,Waist>RUpArm>RWrist>LThigh>LAnkle
wte_ea94273f164c715375386a0a40bc0069,RUpArm>Waist>RWrist>LThigh>LAnkle
wte_66235288f6202165628b4c347af4e71f,LThigh>LAnkle>RWrist>RUpArm>Waist
wte_244136edf926bb0310681db557ddea62,RWrist>RUpArm>Waist>LAnkle>LThigh
wte_188fe502a127884c7099cb837f4a80ed,Waist>RWrist>RUpArm>LThigh>LAnkle
wte_9727a3fe0569c2b48d1c07f0df68f8d9,Waist>RUpArm>RWrist>LAnkle>LThigh
wte_61f485225fc08eee42acf6c13613d435,RWrist>RUpArm>LAnkle>LThigh>Waist
wte_1f0be7c6572ea9abfc17eb55f9de3ca6,RWrist>RUpArm>Waist>LAnkle>LThigh
wte_b43d6e3928fdc70af23d6bc1b68bc450,LAnkle>LThigh>Waist>RUpArm>RWrist
wte_2f0e2c4d7beac4eaef48ad77ef99c794,LAnkle>LThigh>RWrist>Waist>RUpArm
wte_cda7f91014ad961da1d33e0fb66e91b8,RUpArm>RWrist>Waist>LThigh>LAnkle
wte_d6054742fdf4298a02483daf06a309f0,LAnkle>LThigh>RWrist>Waist>RUpArm
wte_31b10c1ec4f92a8aa3d8d0a4a9014961,LAnkle>RWrist>LThigh>RUpArm>Waist
wte_aa7ccc7568d73c0c7402af34faba846e,RWrist>LThigh>RUpArm>Waist>LAnkle
wte_682eabd0363b9c9ffd22dfb271dfaeb8,LAnkle>RWrist>RUpArm>LThigh>Waist
wte_559fac28b85c20d65a881e3037daf4fd,LAnkle>LThigh>RWrist>Waist>RUpArm
wte_6c82ca86c8e9eaede47436a013f67dd0,LThigh>RWrist>LAnkle>Waist>RUpArm
wte_81e62b1453a41a44b38c793c19977b83,RUpArm>RWrist>Waist>LAnkle>LThigh
wte_a91dad604e6dc48c94ef950872f9a025,LAnkle>RWrist>LThigh>Waist>RUpArm
wte_2710a746da53f65d90ae769442b4007b,RWrist>LThigh>Waist>RUpArm>LAnkle
wte_cc13ae38f9d5cd73de54a36a78d37056,RWrist>RUpArm>LThigh>Waist>LAnkle
wte_514c6be4d22643c86538652890cbb85f,RWrist>LThigh>RUpArm>Waist>LAnkle
wte_80bfc3b4eef655bc1cc12b0dba019ee3,LThigh>LAnkle>Waist>RWrist>RUpArm
wte_2e5596d057f39bb9a6fdff28d029a60f,RUpArm>RWrist>Waist>LThigh>LAnkle
wte_b857c13b9e5e498999732e81af27a8a6,RWrist>RUpArm>Waist>LThigh>LAnkle
wte_d88b360de5970da5475f4646d8ec307c,LAnkle>LThigh>RWrist>Waist>RUpArm
wte_bd07e754e66d3e8f2198d2b80325ad18,RWrist>RUpArm>LThigh>Waist>LAnkle
wte_b1d4a46065f06f0eb4b356c6854a53a4,RWrist>RUpArm>LAnkle>Waist>LThigh
wte_8baaa00bfe6855bae141e5a8a812e53a,LAnkle>LThigh>RWrist>Waist>RUpArm
wte_16239c218372932a601b391bcbfd4ac3,LAnkle>LThigh>RWrist>Waist>RUpArm
wte_3836626a250104d9142129096d3b5336,LThigh>LAnkle>Waist>RWrist>RUpArm
wte_10239154f78fc2039c91df537ab40ddb,RWrist>RUpArm>Waist>LThigh>LAnkle
wte_ef1036ce41e9b37d713bc0308fc55194,Waist>RWrist>LThigh>RUpArm>LAnkle
wte_9490efdfc9c9e33db20af19f25c448da,RWrist>RUpArm>Waist>LAnkle>LThigh
wte_187877b3a04039aaaca282f3d62f19f7,RWrist>RUpArm>LAnkle>LThigh>Waist
wte_24e44a1d28b21b000b607f16689da55b,LThigh>LAnkle>RWrist>Waist>RUpArm
wte_3450cdd973cc10608029e559b562b2a1,LThigh>LAnkle>RWrist>Waist>RUpArm
wte_8c6acfb3d76a6c6c0b8fc039744de07f,LThigh>LAnkle>RWrist>Waist>RUpArm
wte_cded197ef14798bc4c5805b03c9b7f05,LThigh>LAnkle>Waist>RWrist>RUpArm
wte_4c0b687263661165e5f0b8199c9693b0,LThigh>LAnkle>RWrist>Waist>RUpArm
wte_5b645e43d6158d6ff1ca904fc1e74b7f,LThigh>RWrist>LAnkle>Waist>RUpArm
wte_2989e0db14f73b560c27f794dbd32846,LAnkle>RWrist>LThigh>Waist>RUpArm
wte_33409523db5949967009357b77f56e2b,LAnkle>LThigh>RWrist>RUpArm>Waist
wte_afac1c1035e50bd84e8050dbe92538c9,RUpArm>RWrist>Waist>LAnkle>LThigh
wte_5fec4700016b4c633f704f881c0184e1,Waist>RUpArm>RWrist>LAnkle>LThigh
wte_f27f03765b166352661e91b8b3058059,RWrist>RUpArm>Waist>LThigh>LAnkle
wte_1f36a26f316cc448085ce13d4d264c91,RWrist>RUpArm>LThigh>Waist>LAnkle
wte_1fb9bf4fcc7246c6cce6c37412e6d588,RWrist>RUpArm>Waist>LAnkle>LThigh
wte_112ac8c29fd742668c1a19209f0964c8,RWrist>RUpArm>Waist>LAnkle>LThigh
wte_21514e7e729c1126f9e9f2d97da89680,LAnkle>RWrist>LThigh>Waist>RUpArm
wte_a6c39b3ed0c3e62a76abab627e521dd2,Waist>RUpArm>LAnkle>LThigh>RWrist
wte_f7a9ea6ea51977482ab1b629d9f04551,LThigh>LAnkle>Waist>RWrist>RUpArm
wte_de8d3f8875f879d73408e275d335e898,LThigh>LAnkle>RWrist>Waist>RUpArm
wte_3975dec8b709939f5dcd2f2ed896b563,LThigh>LAnkle>RWrist>Waist>RUpArm
wte_d9e3d4c1ab41f72e0f2f2b80d53b0469,RWrist>LAnkle>RUpArm>Waist>LThigh
wte_b8ceb95c8020f50b17e3a2e5f0e94884,RWrist>RUpArm>LThigh>Waist>LAnkle
wte_8f66623c62496dd340579a1e994da840,RWrist>RUpArm>LThigh>Waist>LAnkle
wte_2d95084c2a0a3a0f2344601306f49dec,RWrist>RUpArm>LThigh>Waist>LAnkle
wte_6b1fd15677361da29716e6747ff63867,RWrist>RUpArm>Waist>LAnkle>LThigh
wte_2f1f0e9fa9e4766910f9af3db5f220e0,LAnkle>RWrist>RUpArm>Waist>LThigh
wte_43de02c298ab5e9dcf2bbca103a1d6ef,LThigh>RWrist>LAnkle>Waist>RUpArm
wte_0c9ab1cb68a45369b96fb68dfa4d2e6d,LThigh>LAnkle>RWrist>Waist>RUpArm
wte_81d2c726d2f38638fe42ecc7a16828f3,RWrist>RUpArm>LAnkle>Waist>LThigh
wte_ed7075874b003f6a53f027b3a8c46c3a,Waist>RUpArm>RWrist>LThigh>LAnkle
wte_b04a2cb5488b73c0b88ccacfa72b78da,RWrist>RUpArm>LThigh>LAnkle>Waist
wte_21f83ed7940dc81e37149ee7b0f693e8,LAnkle>RUpArm>RWrist>LThigh>Waist
wte_de95acd39108a1879f529057f9087500,RWrist>RUpArm>Waist>LThigh>LAnkle
wte_41c6d2de0a64da5ce250f98bf116738f,LThigh>LAnkle>RWrist>Waist>RUpArm
wte_22e00266439597ae3e82261c1fe70fad,LThigh>LAnkle>Waist>RWrist>RUpArm
wte_a639ca2796f3e519168793f777948c82,Waist>RUpArm>RWrist>LAnkle>LThigh
wte_5c8dea227592cd5c04f7a7af54f8f03d,RWrist>RUpArm>LAnkle>Waist>LThigh
wte_da187578b5c52672f6580b5cc8568df6,LThigh>RWrist>LAnkle>Waist>RUpArm
wte_419e89aebf7d39f5ebaf07f2c908f095,RWrist>LAnkle>LThigh>Waist>RUpArm
wte_f960262cfadaa0e8accc97f350bf663f,RWrist>Waist>RUpArm>LAnkle>LThigh
wte_ec7c2486d44dc8bdabc207394c6282d6,RWrist>RUpArm>LThigh>Waist>LAnkle
wte_3dcfc59de037e650065c52eea3931462,LAnkle>LThigh>RWrist>Waist>RUpArm
wte_48c7cfbe5ceb477ecf9fecd89e71b130,RWrist>RUpArm>LThigh>Waist>LAnkle
wte_feff81c138b108dfc15f1553d867f076,LAnkle>LThigh>Waist>RWrist>RUpArm
wte_289dc2a3d8d194851ea665fb95570d97,RWrist>RUpArm>Waist>LThigh>LAnkle
wte_fed8a0591a57be347872d4b4ed6f054b,LAnkle>LThigh>RWrist>Waist>RUpArm
wte_147c336b69a9dd2173c48b8e60c0dfb9,RWrist>RUpArm>LAnkle>LThigh>Waist
wte_525e9d917088f3c6069f9c5406ea619a,RWrist>RUpArm>LThigh>Waist>LAnkle
wte_6329ceb85811c11bf0136d3d746e0777,RWrist>RUpArm>Waist>LAnkle>LThigh
wte_3691145b42fc69d36c16f461bc8f0a78,Waist>RUpArm>LThigh>LAnkle>RWrist
wte_8d4360716faac7a74cf52a53e6832378,LAnkle>LThigh>Waist>RUpArm>RWrist
wte_83866103fa7c0021752ab0ed4f1ab1cc,RWrist>RUpArm>Waist>LAnkle>LThigh
wte_b5e12bb1d5cee207a0bf435df6ecbcb2,LThigh>RUpArm>RWrist>LAnkle>Waist
wte_a7f396a96402384e215b74db8385898a,RWrist>RUpArm>Waist>LAnkle>LThigh
wte_c27a220eac5f1ba1fe4f90ac5c8de027,Waist>RWrist>LThigh>RUpArm>LAnkle
wte_a39d856dd1e4e7d837d387d067874a1d,RWrist>RUpArm>Waist>LThigh>LAnkle
wte_636273161a63991116955da8cf7161da,LAnkle>LThigh>RWrist>Waist>RUpArm
wte_669e8ecb4ef1bba6088a1d2751bea317,RWrist>RUpArm>LAnkle>Waist>LThigh
wte_e120b49898b8d6e21941cc871a3f8bb1,LAnkle>LThigh>RWrist>Waist>RUpArm
wte_2d8f77ca85da898fd309220a7d3c6f02,LAnkle>LThigh>RUpArm>RWrist>Waist
wte_5f90a94427f973d2acdff1aece844c3b,RUpArm>RWrist>Waist>LThigh>LAnkle
wte_ca47ed71128b2bd6159526975a8690e7,LThigh>RWrist>LAnkle>Waist>RUpArm
wte_4155ce0c0a8b866a6f6b70cb80cea41d,RWrist>LAnkle>RUpArm>Waist>LThigh
wte_c021fa9d2ab22255599584c099cf2a73,RWrist>RUpArm>Waist>LAnkle>LThigh
wte_7c024175cc15b0bdd3e270fb694b7578,RWrist>RUpArm>Waist>LAnkle>LThigh
wte_de989e4ade96a5c97e42767f94070605,RUpArm>Waist>RWrist>LThigh>LAnkle
wte_a7259664a4caf9ffe3ea40ce28741315,RWrist>RUpArm>LAnkle>LThigh>Waist
wte_e8bd88077ebf4dcd7c8ad886e646f5b9,LThigh>LAnkle>RWrist>Waist>RUpArm
wte_6d07eb4d504c31cd21b4fce9c469da84,RWrist>RUpArm>LAnkle>Waist>LThigh
wte_b8647e1715457cfd9438f6d391807397,LAnkle>RWrist>LThigh>Waist>RUpArm
wte_88ec755d674305a468b8b1f8f903b7ef,LThigh>LAnkle>RWrist>Waist>RUpArm
wte_b002bbdb175aa54ca81dac00ba897051,Waist>RUpArm>RWrist>LThigh>LAnkle
wte_b7aa946f41041661739a00fad318bea6,RWrist>LThigh>LAnkle>RUpArm>Waist
wte_4aeef5903208ad23a9039b3df6bb592c,RWrist>RUpArm>LAnkle>Waist>LThigh
wte_dda65a11de8dcf5e08ecdbd0dcf3b9ff,RWrist>RUpArm>Waist>LThigh>LAnkle
wte_ebcc95a6b5944b5e5919c6ac87918ac8,LThigh>LAnkle>RWrist>Waist>RUpArm
wte_f382ae8404d114a5ed01b644b5503428,RUpArm>Waist>LThigh>RWrist>LAnkle
wte_36698374abc10846c7c9e9577fe3e96a,RWrist>RUpArm>LAnkle>Waist>LThigh
wte_d6234dafb47767723fd2321607a59687,LAnkle>RUpArm>RWrist>Waist>LThigh
wte_6ac9fef4e8a6a26b2fb8cd27283d0db9,RUpArm>RWrist>Waist>LAnkle>LThigh
wte_ce096e0a722cb922dc56ca0fefb6d509,LThigh>Waist>RWrist>LAnkle>RUpArm
wte_78f96d2ebbecbaa731817b93a890f809,RWrist>LThigh>LAnkle>RUpArm>Waist
wte_9352b5a894eec6e893ce02737da9f915,RUpArm>RWrist>LThigh>Waist>LAnkle
wte_c6cf3454a015527ecd0666cfd4b907ec,RWrist>RUpArm>LThigh>Waist>LAnkle
wte_780c61fc7843f7fe03f07eb2a45b9451,LThigh>LAnkle>RWrist>Waist>RUpArm
wte_d3b04374a699353483800944796794e4,RWrist>RUpArm>LThigh>Waist>LAnkle
wte_7c7ecaa7dbc0b1ccbf092bbcb2a2890b,LThigh>LAnkle>Waist>RWrist>RUpArm
wte_7f06dd83de383226c1aa9aafa569c5d2,RWrist>RUpArm>LAnkle>Waist>LThigh
wte_ccd34d2400fc8f9e83033bdb6a2d8520,RWrist>RUpArm>LThigh>LAnkle>Waist
wte_4151360ed588b3e4e9b92531b278c0b5,Waist>LThigh>RUpArm>LAnkle>RWrist
wte_8930791c91a8ef68696149aa71a6f66f,LThigh>LAnkle>Waist>RWrist>RUpArm
wte_ca4bf88d9de395e04a829a81a1f1e978,RWrist>RUpArm>Waist>LAnkle>LThigh
wte_32a2e528b71cb66c4cc6b9b76bfee394,LAnkle>LThigh>RWrist>Waist>RUpArm
wte_85e59f62d292c5e214840919d4e67186,LAnkle>LThigh>RWrist>Waist>RUpArm
wte_afaf0feca84eb913e27f6f6d1a3ea5b7,LThigh>RWrist>Waist>LAnkle>RUpArm
wte_8beee4b1465f2b4edacaeb7e49dda90a,LThigh>LAnkle>RWrist>Waist>RUpArm
wte_b0916c205d96ed5b34710300b600d61c,RWrist>RUpArm>LThigh>Waist>LAnkle
wte_c32aa0f3d18206c8ddf4282eec5f4e17,LAnkle>LThigh>RWrist>Waist>RUpArm
wte_e7abbdc445d71d7bc3a24acd7f392d3e,RWrist>RUpArm>LAnkle>Waist>LThigh
wte_e81a07bc64c4604cd489b251690ad447,RWrist>RUpArm>LAnkle>Waist>LThigh
wte_a79640bce16c090e370950cc883427ad,LAnkle>RWrist>RUpArm>LThigh>Waist
wte_8141762196a93551f331a4fdae3bc49c,RWrist>RUpArm>LAnkle>Waist>LThigh
wte_cf9f1f2b05e5ef4d6752164c9347ab52,LThigh>LAnkle>Waist>RWrist>RUpArm
wte_3c38d6328d5b72e5774c251f08762c28,RWrist>RUpArm>LThigh>Waist>LAnkle
wte_0d357bc05a53de275514bcbf36ca2274,RWrist>Waist>RUpArm>LAnkle>LThigh
wte_d0457d3c84c1a8093c978535e51b4ea9,RWrist>RUpArm>Waist>LThigh>LAnkle
wte_63746008e03e3ffb4d25d5c549d1b0fe,RUpArm>Waist>RWrist>LAnkle>LThigh
wte_5c03149cf818eb591fafada191064bd4,RWrist>LThigh>RUpArm>Waist>LAnkle
wte_bb02d6a3cb72b4edfc010b53cb280680,LAnkle>LThigh>RWrist>Waist>RUpArm
wte_d84bff9396769fb392efb33f37b06d25,LThigh>Waist>LAnkle>RWrist>RUpArm
wte_fd55b7623a42317a4a9e4554116207f6,LAnkle>LThigh>RWrist>RUpArm>Waist
wte_567adb2fe5809157e11e8cc60085532f,RWrist>RUpArm>Waist>LAnkle>LThigh
wte_11f8d9ae5d9cf93d790e6648a520af1f,RUpArm>RWrist>Waist>LAnkle>LThigh
wte_d4a325be37500c0f1d2ff419c4278af8,LAnkle>RWrist>RUpArm>LThigh>Waist
wte_c4f7c74598d9b4ddf56be49ccd05efbc,LAnkle>RWrist>LThigh>Waist>RUpArm
wte_80b5b6b2b25eaf822931e577cff37a22,RUpArm>Waist>RWrist>LThigh>LAnkle
wte_4d98bb9e7969ad9d5c6e153bd74064dc,LAnkle>LThigh>RWrist>Waist>RUpArm
wte_40926336e20daf86eb11db314bbdaf93,RUpArm>Waist>RWrist>LThigh>LAnkle
wte_6f1c6ae5ba99b501db75d5d6cfa54d34,LThigh>LAnkle>Waist>RWrist>RUpArm
wte_92850fa5d4773dee625d1a1284323a5d,RUpArm>Waist>RWrist>LThigh>LAnkle
wte_936e528d1e81d79687d3e001d5ec6dd6,Waist>RUpArm>LThigh>RWrist>LAnkle
wte_daa15fff84efbf58a19358bd94a9a920,RUpArm>RWrist>Waist>LAnkle>LThigh
wte_12443ead081efaf8e3d70d1943f0b39b,RWrist>RUpArm>Waist>LThigh>LAnkle
wte_132f414dea33562fd9ad737075536712,LThigh>Waist>RWrist>LAnkle>RUpArm
wte_888cfd23113bd462fd313ecff2ebbcbe,LThigh>Waist>RWrist>LAnkle>RUpArm
wte_7d9e6199c5110f750e461a05a7eed198,RWrist>RUpArm>LThigh>Waist>LAnkle
wte_9b0ff8b8e2d693e250307165835e934b,RWrist>RUpArm>Waist>LThigh>LAnkle
wte_31ff09f0adfb28c1452b2454b76d9729,RUpArm>Waist>RWrist>LAnkle>LThigh
wte_06ed5d2d20846924a69cc84e0dbd68ab,RUpArm>RWrist>Waist>LAnkle>LThigh
wte_c4a32b26dd8681667d4f35e4af39fef2,RWrist>LThigh>RUpArm>Waist>LAnkle
wte_c201e815c2632cff84c875265b44408a,LAnkle>RWrist>LThigh>Waist>RUpArm
wte_f1a6f459c5d1b496a6e2e752c23bd469,LAnkle>LThigh>RWrist>Waist>RUpArm
wte_1804cd8d5bcbf1378b95d32477f5f05b,LThigh>Waist>LAnkle>RWrist>RUpArm
wte_64e5ae4359a66ee577333782408086cd,Waist>RUpArm>LThigh>RWrist>LAnkle
wte_f795e56a4a3987eec0cc306a8172df0c,RWrist>RUpArm>LAnkle>Waist>LThigh
wte_6aad2a01a8b235d03f7e015312bcd568,RWrist>LAnkle>RUpArm>LThigh>Waist
wte_e781305dd3d7948116a5270850285b38,RWrist>Waist>LAnkle>RUpArm>LThigh
wte_c3466705bde41c570aeb9787216f7b1e,LAnkle>LThigh>RWrist>Waist>RUpArm
wte_2466dd26ed628735e144e464e192f9a3,RWrist>RUpArm>Waist>LAnkle>LThigh
wte_cbe0fe91092658c41a0753442a785e4e,LThigh>LAnkle>Waist>RWrist>RUpArm
wte_b680972fdc7eb923aa42b1283579a9d8,LThigh>LAnkle>RWrist>Waist>RUpArm
wte_5103ab9439943a9fe3ceab267b66ff97,RUpArm>Waist>LThigh>RWrist>LAnkle
wte_674271dcc0c3629968aa7c53fa71788b,RWrist>RUpArm>LThigh>LAnkle>Waist
wte_f354edc4c9c94af7556db2bc265096d0,LAnkle>LThigh>RWrist>Waist>RUpArm
wte_8eef2e5971e09822500802698f99056e,RUpArm>Waist>RWrist>LAnkle>LThigh
wte_4cac1518513950d28213a76325532ebe,RWrist>RUpArm>LAnkle>LThigh>Waist
wte_d7cb18dfe69831849aa9cd7b5c9af4eb,Waist>RUpArm>LThigh>RWrist>LAnkle
wte_cb1d27c53a70db918ca1ba1a2d1f0b90,LThigh>RWrist>LAnkle>Waist>RUpArm
wte_ade289d95c2c994429ad164581d90e07,Waist>RUpArm>LThigh>LAnkle>RWrist
wte_8a075cf62a02ae6e836ee4c249c52f90,LAnkle>RUpArm>LThigh>RWrist>Waist
wte_b3410539ea887fd2d6ffd76df89a15ec,RWrist>RUpArm>LThigh>Waist>LAnkle
wte_8e44bc1e0b51d5c4f161ff8ece947fdd,RWrist>RUpArm>Waist>LAnkle>LThigh
wte_c48029d5de347fe7e40d9d73365146d1,RWrist>RUpArm>LAnkle>LThigh>Waist
wte_80f9608dd11733e205265ec1f4fc9f9b,RWrist>RUpArm>LThigh>Waist>LAnkle
wte_4cf62322d929b6a32e040f71cb653dc4,LThigh>LAnkle>RWrist>Waist>RUpArm
wte_cfe4b66063ed43b3b7e8f91ab2c2f6d6,RUpArm>RWrist>LThigh>Waist>LAnkle
wte_4608609d479af80415edf79048110ab5,RWrist>RUpArm>LThigh>Waist>LAnkle
wte_9450d1671f7a68e40eb574a7079d652f,LThigh>RUpArm>RWrist>LAnkle>Waist
wte_ec29eb740dba732c4ebc21a8794bb6a0,RWrist>RUpArm>LThigh>Waist>LAnkle
wte_6c1890faed7f7ceeb67b15ae886ab9d2,LAnkle>LThigh>Waist>RWrist>RUpArm
wte_b5b4e75f219e4ac6424a877fad01b6c5,RUpArm>Waist>LAnkle>LThigh>RWrist
wte_0e7553af3b7d6f376069be45203dabe0,LThigh>LAnkle>Waist>RWrist>RUpArm
wte_4d9569ab25cea36da5c3c1e03655ce0a,RWrist>RUpArm>LAnkle>Waist>LThigh
wte_455463d5e349d2c895ccdf37f7049e55,RWrist>RUpArm>LThigh>Waist>LAnkle
wte_ce896ca4b36da4895de2e11cfa9a951f,LThigh>RWrist>Waist>RUpArm>LAnkle
wte_b6ef7be978c21336c97f98326e4fdc10,RWrist>Waist>LAnkle>RUpArm>LThigh
wte_4933dda7d161e03cf12b547784b39e89,Waist>RUpArm>RWrist>LThigh>LAnkle
wte_7e74cda970b2620e67d5d141ed0dbfdf,RUpArm>Waist>LThigh>RWrist>LAnkle
wte_0b8d996b15270373b47b93de27929aee,LAnkle>LThigh>RWrist>Waist>RUpArm
wte_ce4d9f5419eff3b01664ac5e9b51fdd6,LThigh>RWrist>LAnkle>Waist>RUpArm
wte_f11441afad4053f94823f56b176f0c6f,LThigh>Waist>LAnkle>RWrist>RUpArm
wte_e06423f37c4f0a4463e5deeef2737e01,RUpArm>Waist>LAnkle>RWrist>LThigh
wte_89d36fb604d4719a7e87ff7982389185,Waist>RUpArm>LAnkle>RWrist>LThigh
wte_e5b08cad9df9d30b4cb666ea9264001a,RUpArm>RWrist>Waist>LThigh>LAnkle
wte_1cd8288d396bb5fa3b1c8e59bb9dda3b,RWrist>RUpArm>Waist>LAnkle>LThigh
wte_7d948b60273de49c5d1c2765c37cbe1d,RWrist>RUpArm>LAnkle>LThigh>Waist
wte_ec415498bed9ad96e8e27791686278d0,LThigh>LAnkle>RWrist>RUpArm>Waist
wte_9026a91c8fc68130caba2a4fedb9abc0,Waist>RWrist>RUpArm>LAnkle>LThigh
wte_bab9aeac25571749f072181edbe84a95,RWrist>RUpArm>LAnkle>LThigh>Waist
wte_35a0d4bd027b22501e1faf16a304c37c,RWrist>RUpArm>LThigh>Waist>LAnkle
wte_9871e509f2931f56d15f9e5424b0462e,LAnkle>LThigh>RWrist>Waist>RUpArm
wte_f2190864aab5769acfd6f1fba64123e5,Waist>RUpArm>RWrist>LAnkle>LThigh
wte_ab59de33c52c4678496b4d03c011e5dd,LThigh>LAnkle>RWrist>Waist>RUpArm
wte_e317edfb4adbd96b4c2889b971448a6e,RUpArm>Waist>RWrist>LThigh>LAnkle
wte_0f10bf3aee19f3b40f6cf2159b3d8b15,RWrist>RUpArm>LAnkle>Waist>LThigh
wte_8d8f01a2d83fc11b7abdd6a9a99a9af5,RWrist>RUpArm>LAnkle>LThigh>Waist
wte_cb6a44c30fa00229949a80d3a3f9395e,RWrist>RUpArm>LThigh>Waist>LAnkle
wte_0e3474bdfb8648a93bd4388a75ecade1,RWrist>RUpArm>Waist>LAnkle>LThigh
wte_2c8a06091b0a347a9edbc3edd4662895,RWrist>LThigh>Waist>RUpArm>LAnkle
wte_373e7c7371ec9bfc982c6ce4575dc1fd,LAnkle>LThigh>RWrist>Waist>RUpArm
wte_94274678e157cf46ebf7af21b9401fd4,RUpArm>RWrist>LThigh>Waist>LAnkle
wte_9a007843a21bad927a67f88baf22e89b,Waist>RWrist>LThigh>LAnkle>RUpArm
wte_14ce6ab7ae2b4efd5a00ba8ef2032f89,Waist>RUpArm>RWrist>LThigh>LAnkle
wte_f2bc333ec3add752f86f3be1cfe58116,RWrist>RUpArm>LThigh>LAnkle>Waist
wte_c1b6c1f04b31ea577c93810198acefb2,LThigh>LAnkle>RWrist>Waist>RUpArm
wte_2288a1f916303228f40c2bec5e404b45,Waist>RWrist>LAnkle>RUpArm>LThigh
wte_9aec2b2ab117e4849c83b201acf4dc06,LAnkle>LThigh>Waist>RWrist>RUpArm
wte_40d7c6a8ee119fe187debdee3518b180,Waist>RUpArm>RWrist>LAnkle>LThigh
wte_75f4217db43d9dc026d845f3f0f2019b,LAnkle>LThigh>RWrist>Waist>RUpArm
wte_9187c208eed4446557a151e641e51fbd,RUpArm>RWrist>Waist>LThigh>LAnkle
wte_f59fc36534b2fbbffada0024e8ce4771,LThigh>LAnkle>RWrist>Waist>RUpArm
wte_3395f00e580e68d44b2ffcceb18d1c16,LThigh>LAnkle>RWrist>Waist>RUpArm
wte_0d9809985433ee2461900d744d328f1a,RWrist>RUpArm>LAnkle>Waist>LThigh
wte_9d8c48a7047475c7725a3c0f062124d8,RWrist>RUpArm>LThigh>LAnkle>Waist
wte_55a9919136307184642004d55d01bda3,LAnkle>LThigh>RWrist>Waist>RUpArm
wte_4845b6433b5a35a807f46570a5c7d922,LAnkle>LThigh>RWrist>Waist>RUpArm
wte_c605602ed93b72f00267dec2194739de,Waist>RUpArm>RWrist>LThigh>LAnkle
wte_3ac4930bf6ed9ffe1f0f9f7441e04d87,RWrist>RUpArm>Waist>LThigh>LAnkle
wte_bfa8499bb41c88c70e8a1b1ebee0a42f,LThigh>LAnkle>Waist>RWrist>RUpArm
wte_b2ad19e280805cc3de9adf15ab6810a1,LAnkle>LThigh>RWrist>Waist>RUpArm
wte_857d033f43d26322057dfd0176fb49f4,LAnkle>LThigh>RWrist>RUpArm>Waist
wte_5f88628804cce4f05acd62ed019bfc21,RWrist>RUpArm>Waist>LAnkle>LThigh
wte_bde201f2b11d11d5eb05596a94892aa3,Waist>RUpArm>RWrist>LAnkle>LThigh
wte_5abe399c27b08a9e5690e2640fac128a,LThigh>LAnkle>Waist>RWrist>RUpArm
wte_ca0c61a15a0ddf4a09048985392f43be,LThigh>LAnkle>RWrist>Waist>RUpArm
wte_061477899a3b8f02909b9cbe0bd75c3e,RWrist>RUpArm>LThigh>LAnkle>Waist
wte_16abc51f751fe71b0766a47e7d485dd8,LThigh>LAnkle>RWrist>Waist>RUpArm
wte_5c69b7df96cecfbb3a57989cdada9d6d,LAnkle>RUpArm>RWrist>Waist>LThigh
wte_9bb08388bb4b1c15f76b30c793d94c7c,RWrist>Waist>RUpArm>LAnkle>LThigh
wte_7007816d75a2d44493793d92e86dc25e,RWrist>RUpArm>LAnkle>Waist>LThigh
wte_8e1492a2ffb0a8e18a8b54d8468553af,RWrist>RUpArm>LThigh>Waist>LAnkle
wte_5ac68077e75a3fe434688bd6156caf7a,RWrist>RUpArm>LThigh>LAnkle>Waist
wte_9b9cf64fbf8fe97327a7fc4e5b5b9735,Waist>RUpArm>RWrist>LThigh>LAnkle
wte_d0e3b3ca7a60b47d888add1790ca6beb,RWrist>RUpArm>Waist>LThigh>LAnkle
wte_86b78ca770aa66ac7ebf41dc57519592,RUpArm>RWrist>LThigh>Waist>LAnkle
wte_81424d27af19970c15a07d8d2f544f74,RWrist>RUpArm>LAnkle>Waist>LThigh
wte_774a38747ef422c6892a0ae56cfce608,RWrist>RUpArm>LThigh>LAnkle>Waist
wte_799c3457ea536cc1948dfefc7fb458dc,LAnkle>RWrist>RUpArm>Waist>LThigh
wte_76fe4ff90be81b1ee1eff48d2a8aed71,LThigh>LAnkle>RWrist>Waist>RUpArm
wte_73344c6fc3a51cd5c5594dc01f2cc6ba,Waist>LThigh>LAnkle>RWrist>RUpArm
wte_f64e02bbc51d2e5f696f76718061ed93,Waist>RUpArm>LThigh>LAnkle>RWrist
wte_15961d1f0f8205bc22d85a65a429115b,RWrist>RUpArm>Waist>LAnkle>LThigh
wte_a2abe0c4e9040f1713a98cb618f0b90f,LThigh>LAnkle>Waist>RWrist>RUpArm
wte_8eab43d0771737a48adcaf6b63d7603c,Waist>RWrist>LAnkle>LThigh>RUpArm
wte_104fc1dd495fafe013360e45278fff54,LAnkle>RUpArm>RWrist>LThigh>Waist
wte_69d38c8f7a702e12b4ae97ce59d57077,LAnkle>Waist>RUpArm>RWrist>LThigh
wte_1053f7fbd5f6d4dc82c484d5ae2cd593,LAnkle>LThigh>RWrist>RUpArm>Waist
wte_8d39bbb53fcdaf7a0f41cf73bcde6e06,RWrist>RUpArm>LAnkle>Waist>LThigh
wte_c1b7c21d537498225bfd250e6ccbda4b,LAnkle>RWrist>LThigh>Waist>RUpArm
wte_3b23531efee62ae3f1a8aebe0aa5033f,RWrist>RUpArm>LAnkle>Waist>LThigh
wte_2ed6cb33ed421294a2f14e85179c4b95,RUpArm>RWrist>Waist>LThigh>LAnkle
wte_a4554e6cabf37f4bf3b87a146748a3bf,RUpArm>RWrist>Waist>LThigh>LAnkle
wte_6211a7b1c9497e30bf917a251bb630ec,RWrist>RUpArm>Waist>LAnkle>LThigh
wte_ea151c87bcbf2ad0c950419b15369853,LAnkle>LThigh>Waist>RUpArm>RWrist
wte_8d1b181897ea694efcf44ba403ecf734,RWrist>RUpArm>LThigh>LAnkle>Waist
wte_5e0148857ac2f782415be1bc86496978,RWrist>RUpArm>LThigh>LAnkle>Waist
wte_990fe010219e7f7c3e2ec3026f042f59,RWrist>RUpArm>LThigh>LAnkle>Waist
wte_0cdef11d906fcca8ebe52dc5bc48cf40,RUpArm>RWrist>LAnkle>Waist>LThigh
wte_bfac5f005a700af9dc52f51a5bf8dbbb,LAnkle>RWrist>Waist>RUpArm>LThigh
wte_e6ff0628f26713300a9de480ac2a396b,LThigh>LAnkle>Waist>RWrist>RUpArm
wte_aa389568c5b03b901355dbfd9aff9068,RWrist>RUpArm>Waist>LThigh>LAnkle
wte_a330a2befcbfd95c5eebbc5c16548bd2,Waist>RWrist>LThigh>RUpArm>LAnkle
wte_3567d58dabc62cea60d3e9b617f9e41b,RWrist>LAnkle>LThigh>Waist>RUpArm
wte_b6017ebd1df75047f016a9f7a89c585a,RUpArm>RWrist>Waist>LThigh>LAnkle
wte_8facb8133ce40c5b945dc087b823219d,RWrist>RUpArm>LThigh>Waist>LAnkle
wte_cbc0b552755d383d968867f19f74138b,RUpArm>Waist>RWrist>LThigh>LAnkle
wte_cab52ff1e39d194bb25cfdf6af2d236e,LAnkle>LThigh>RWrist>Waist>RUpArm
wte_3625158e4a31fe19f81a7257abe1fb26,RUpArm>LAnkle>Waist>RWrist>LThigh
wte_9ffa0b20986a04928a5e25cad55f7368,RWrist>RUpArm>LAnkle>LThigh>Waist
wte_344466eb54d7d82560e4b6ca8555f306,LThigh>LAnkle>RWrist>Waist>RUpArm
wte_0b1d8b30b55001ba2381aab9a02d54cd,RWrist>RUpArm>LThigh>LAnkle>Waist
wte_90106d7da2ba059ce7c1b39cdd3e311d,RWrist>RUpArm>Waist>LThigh>LAnkle
wte_170271ed127c17550ff0d9c8c7bed68b,RWrist>RUpArm>Waist>LAnkle>LThigh
wte_e2a1f85d230d441ca8be4f242fdc7663,LThigh>LAnkle>Waist>RWrist>RUpArm
wte_0ccb48df260297c879b9bf4e1137754e,RWrist>RUpArm>LAnkle>Waist>LThigh
wte_c0782d0bcc3ee79b907f1e95b3c512ce,RWrist>RUpArm>Waist>LThigh>LAnkle
wte_4a021bf3d9120d7f61ff67809b7b428f,LThigh>LAnkle>RWrist>Waist>RUpArm
wte_2de5cc30f5a8919877fe47651b0c0574,RWrist>Waist>LAnkle>LThigh>RUpArm
wte_64890accac57dfa2ebe6650d2eaa451c,RWrist>RUpArm>LThigh>LAnkle>Waist
wte_853e0c6697b7a5f8d62caa45b5153b6f,RWrist>RUpArm>LThigh>Waist>LAnkle
wte_657ceb9643ce7ce2e19d856369d75b71,LThigh>LAnkle>Waist>RWrist>RUpArm
wte_7a44be0a45bbf89bca3730398357de2a,RWrist>RUpArm>LThigh>Waist>LAnkle
wte_d8325afe8b5095f30919f6284cac4186,LAnkle>LThigh>RWrist>RUpArm>Waist
wte_5b066ffa1c8b429dbec36c8408761455,LThigh>RWrist>LAnkle>RUpArm>Waist
wte_d2fe84358be23c418c19add21fbee5d6,RWrist>Waist>LAnkle>RUpArm>LThigh
wte_d69596b48f100e07adf559eef1ec8434,RUpArm>RWrist>Waist>LThigh>LAnkle
wte_ab240c2442d6928d024491e230a61e69,RWrist>RUpArm>Waist>LAnkle>LThigh
wte_642ca2d62d22045933381e8a7ac52144,RUpArm>RWrist>LThigh>Waist>LAnkle
wte_edc39b5474eafac1c38493dcc5543f58,RWrist>RUpArm>Waist>LAnkle>LThigh
wte_719e8024cb53fc90444554f11ab0fd03,RWrist>LThigh>RUpArm>Waist>LAnkle
wte_ba16bcd23f97fdd00ae027ce43f2ab01,RWrist>Waist>LAnkle>RUpArm>LThigh
wte_70d99d2228ce8c93bb6b0c632614d5f0,LThigh>LAnkle>RWrist>Waist>RUpArm
wte_c3a9dc176a37e7c45ba219fd11307325,Waist>RWrist>RUpArm>LThigh>LAnkle
wte_795c021d4ffc58043f7eaa8a86a090bf,RWrist>RUpArm>Waist>LAnkle>LThigh
wte_24413aa916f95606da3f90e4ab67256a,LThigh>LAnkle>Waist>RWrist>RUpArm
wte_556581d1904830ffd8026ff1bf7686d4,RWrist>RUpArm>LAnkle>Waist>LThigh
wte_12f795b44861dd162bddb954f231928c,Waist>RWrist>RUpArm>LThigh>LAnkle
wte_e5acfb06aad8e38f005d3a8626e73b7d,RUpArm>RWrist>LThigh>Waist>LAnkle
wte_a4cb25372a2ec18959e85175a17ab863,RUpArm>LAnkle>RWrist>Waist>LThigh
wte_9d8e40c50685d1705ae0392527143d17,RUpArm>RWrist>Waist>LThigh>LAnkle
wte_66a371d3beaa2687886aeaeccbf007c4,Waist>RUpArm>RWrist>LThigh>LAnkle
wte_9aca5fe3773587898cd0ebe1365574c4,LAnkle>RUpArm>RWrist>LThigh>Waist
wte_7047f82cc40b144d5e02c25244faa943,LAnkle>RWrist>LThigh>Waist>RUpArm
wte_554288461a98f83fc33b8c7c74bea5b7,LAnkle>LThigh>RWrist>Waist>RUpArm
wte_f35ccae6e3a3b0cabe5d160ef3324223,LAnkle>LThigh>Waist>RWrist>RUpArm
wte_f0edbc303f09a02f04ae7509e6c17b6d,RWrist>RUpArm>Waist>LAnkle>LThigh
wte_3d8e273ef3c29d0ccaf9fdf7c7317af9,RWrist>RUpArm>LThigh>Waist>LAnkle
wte_991c8131f1eeda6c8bddcb3783867155,LThigh>LAnkle>Waist>RWrist>RUpArm
wte_9009885edcb0c1a8a1607ecc80145cc1,LAnkle>Waist>LThigh>RWrist>RUpArm
wte_712e84e31b6fc17c69bb2e51aa0c9e04,LThigh>Waist>RWrist>LAnkle>RUpArm
wte_65b5a29fe3a3d451a7b368308d890f28,RWrist>Waist>RUpArm>LAnkle>LThigh
wte_f7edea474b311af9d59d18b6ac885e80,RWrist>RUpArm>LAnkle>Waist>LThigh
wte_9a6469a016a75cb556a759eff38666c8,RUpArm>RWrist>LAnkle>Waist>LThigh
wte_0900397757c35c99cecc0cf0dff4b03d,RWrist>RUpArm>Waist>LAnkle>LThigh
wte_6ab3bdc389f7a6355e88b9a7b1cc6a1b,RWrist>RUpArm>LAnkle>Waist>LThigh
wte_8bcd836e8f6b5af9c7acd3e19ca4611a,LAnkle>RWrist>RUpArm>LThigh>Waist
wte_4474638d1aed7f62a80742eca6b8df35,LThigh>Waist>LAnkle>RWrist>RUpArm
wte_5fd794e5b189f3b0ce1a2a35e046a5c6,RUpArm>Waist>RWrist>LAnkle>LThigh
wte_dd018430d5959e5e917d8b448c8e4d36,RWrist>LAnkle>LThigh>Waist>RUpArm
wte_daa51862f925decff5282fa781b9d677,RWrist>LAnkle>LThigh>Waist>RUpArm
wte_7a1673b756d9ca296c672b27a8a5960e,LAnkle>LThigh>RWrist>Waist>RUpArm
wte_fd7beff04dc9c55d09eb5ad6f3395e2f,LAnkle>RWrist>RUpArm>LThigh>Waist
wte_36fe415e00276d55dfb5d70a341c09dc,Waist>RWrist>RUpArm>LAnkle>LThigh
wte_6ed4af686ffc733d897ec383861c0fe3,LThigh>LAnkle>RWrist>Waist>RUpArm
wte_709425998a3c9a424c642f921dae2c00,LAnkle>LThigh>RWrist>Waist>RUpArm
wte_8e095e7714e995a6496b6ba19f1d7259,RWrist>RUpArm>LThigh>Waist>LAnkle
wte_f3ffd8d92dcb7e006a48d2dd19494e76,LThigh>LAnkle>RWrist>Waist>RUpArm
wte_683ca7e8779fa2040a148ca2f88dc6fc,LThigh>LAnkle>Waist>RWrist>RUpArm
wte_a9bc8d328e88d4e6413f1265b7c660c2,RWrist>RUpArm>LAnkle>Waist>LThigh
wte_7b3cccc6a37396aa8cd1d63ce3d36cd1,LAnkle>RWrist>LThigh>Waist>RUpArm
wte_3145fff02df4883f587b8352e05a56b3,RUpArm>Waist>RWrist>LThigh>LAnkle
wte_fd5dd2ba7cb874624b9687dd5cb02b3e,RUpArm>RWrist>LAnkle>Waist>LThigh
wte_eb243b8881c5b44860045a29fe74d943,LAnkle>Waist>RWrist>LThigh>RUpArm
wte_3d92ab4072d9f95e4a9cf04e03f33c40,Waist>RUpArm>RWrist>LAnkle>LThigh
wte_9a1297b5610ecf024ae14e0eb9e528e3,Waist>RUpArm>RWrist>LThigh>LAnkle
wte_47e69c2433c4431ac14daadbe44da034,RWrist>RUpArm>Waist>LAnkle>LThigh
wte_0fdb44cede022425ab4fcbeaf1238104,RUpArm>RWrist>Waist>LThigh>LAnkle
wte_9c7d361fb5d9ad526d0745402a112a7d,RWrist>RUpArm>Waist>LThigh>LAnkle
wte_77fcd64993e256c2f0a71eceb52f0219,LAnkle>LThigh>RWrist>Waist>RUpArm
wte_644c7db2265585d2fda2cb195440fe3a,LThigh>LAnkle>RWrist>Waist>RUpArm
wte_f68d34fa8a5a5f68d7257b5596e3451b,LAnkle>LThigh>Waist>RWrist>RUpArm
wte_85b2ef8b5669ea97bad002cbd21d8f47,LThigh>Waist>LAnkle>RWrist>RUpArm
wte_cf7d2a08813e72c47e6238450f378f37,Waist>RWrist>LThigh>LAnkle>RUpArm
wte_11c54dcbb2c22995abdea52a022e2c1c,RWrist>RUpArm>LThigh>LAnkle>Waist
wte_ff809f7bd3d3f416a25b9a9c12a7b4d5,LAnkle>RWrist>LThigh>Waist>RUpArm
wte_b9b9a156d9c7536f17273dd0257ca1d0,RUpArm>Waist>LAnkle>LThigh>RWrist
wte_6b3365ee38007013e3b8fe49e4f5a8df,RWrist>RUpArm>LThigh>Waist>LAnkle
wte_68ccff4b4dcfb07488705e3c9ddbfa3e,LThigh>LAnkle>Waist>RWrist>RUpArm
wte_22615fec1d597b39cead9875bdb2dd8a,RUpArm>Waist>LThigh>RWrist>LAnkle
wte_696c4853bfdbf3d0c31e5fd36e372098,LAnkle>RWrist>LThigh>Waist>RUpArm
wte_ecc21d8cecc2ac2b5ad4a818cd0c7483,RUpArm>Waist>RWrist>LThigh>LAnkle
wte_e4d6bb49d73c9e0c76a2d514dfa6842f,RWrist>RUpArm>LThigh>Waist>LAnkle
wte_1e975ed859a61f3de403a4c8cf4582e6,RWrist>LAnkle>RUpArm>Waist>LThigh
wte_2da07e24134151cac168cb37249d39dc,LThigh>LAnkle>RWrist>Waist>RUpArm
wte_44a3ae5367948d6f8542fab5fe83cc6f,RWrist>LThigh>RUpArm>Waist>LAnkle
wte_cc8f65edb218f7b1a49341c83878bfb6,RWrist>RUpArm>LThigh>LAnkle>Waist
wte_760970c6390207c00df6a509a08e9545,LThigh>LAnkle>RWrist>Waist>RUpArm
wte_16df73489d70328aed90790de93c3bef,Waist>RUpArm>RWrist>LThigh>LAnkle
wte_8ba1f299832fc260a7167ace2b9dff79,LAnkle>RUpArm>RWrist>Waist>LThigh
wte_7d0958f1c5f8bbff2a7b377ef2e394f0,RWrist>RUpArm>Waist>LThigh>LAnkle
wte_da8208198b9e809da243663ba7331f79,Waist>RUpArm>RWrist>LThigh>LAnkle
wte_0c80ece3b5860e4626c6c2289c766fd5,LAnkle>RWrist>LThigh>Waist>RUpArm
wte_3d87a86abd1a3b5b8f6590b406766aaf,LAnkle>LThigh>RWrist>Waist>RUpArm
wte_7074bec21043a1e9cb20da199c362a64,RWrist>RUpArm>Waist>LAnkle>LThigh
wte_a157b1a92cd28e7fac86e6a6f026f178,RWrist>RUpArm>LThigh>LAnkle>Waist
wte_52035e53a547fc09845ce379ad01ae06,LAnkle>LThigh>Waist>RUpArm>RWrist
wte_e9971dbc40811668da2c1d8b49f03e01,LAnkle>RWrist>LThigh>Waist>RUpArm
wte_d17aac94b602731e280c996f6efe63fd,LAnkle>LThigh>RWrist>Waist>RUpArm
wte_c870808aea458b02b59e60299376ebd8,LAnkle>RWrist>LThigh>RUpArm>Waist
wte_fda90d01e1dcf728c90b834851d80c59,LAnkle>LThigh>Waist>RWrist>RUpArm
wte_25c4e88fc6d81906eba06a0847e6c895,LAnkle>LThigh>Waist>RWrist>RUpArm
wte_f154fd956a09fe3255092fd32999b2ff,RUpArm>RWrist>LThigh>Waist>LAnkle
wte_f2ec6dbc316d932a87173463467a9407,RWrist>RUpArm>Waist>LAnkle>LThigh
wte_77ba191a6b0d07239670fbc702123cd1,LAnkle>LThigh>RWrist>Waist>RUpArm
wte_d97888825c5196a2f69da18e136df7b4,LThigh>LAnkle>RWrist>Waist>RUpArm
wte_0b31a41421d2dccbc550ea378ae288e7,RWrist>RUpArm>Waist>LAnkle>LThigh
wte_8a705f627617805c131e3ccdd78359a2,RWrist>LThigh>RUpArm>Waist>LAnkle
wte_c72352f7aa5a089fbfb7d6b66a5f4cca,RWrist>Waist>LThigh>RUpArm>LAnkle
wte_96a38d4bd4fd44ed4927ffdf844b5ba5,Waist>RWrist>LThigh>RUpArm>LAnkle
wte_be280bd0d245c76077222d134f4664b2,RUpArm>LThigh>RWrist>LAnkle>Waist
wte_30e842661d5f5f4ae676c70c20e2828a,LAnkle>RWrist>LThigh>RUpArm>Waist
wte_87358ace0855b7ce8574ae07095fa242,RWrist>RUpArm>Waist>LThigh>LAnkle
wte_38b9d58bd20e56d8863deba05956824a,Waist>RWrist>LAnkle>LThigh>RUpArm
wte_230d336e63f4e5bb80c6ddfda066ef6c,Waist>RUpArm>LThigh>LAnkle>RWrist
wte_6f43bb7477dde3ea5be26bcca6574008,LAnkle>RWrist>RUpArm>Waist>LThigh
wte_7ad449dffd8981a595ccdca56bc94a64,RUpArm>Waist>LThigh>LAnkle>RWrist
wte_1f3c3bddf0e4f705aec6f3226097eb10,LThigh>LAnkle>Waist>RWrist>RUpArm
wte_d33a8fbd106447a1bc98388c7c20af65,Waist>RWrist>RUpArm>LAnkle>LThigh
wte_369769bc2e62f6528f63f6e19f977d02,LAnkle>LThigh>RWrist>Waist>RUpArm
wte_fb9be450f1fc43f655ff1867901d30db,LThigh>LAnkle>RWrist>Waist>RUpArm
wte_9bd398ccaf3879bc44b0ae264c8e66ac,LThigh>Waist>RWrist>LAnkle>RUpArm
wte_9d0d5c8a908323ef2e8269672fa2a0c3,RWrist>Waist>RUpArm>LAnkle>LThigh
wte_ab765721f596a33b7e4bf9ee935c6d32,RUpArm>RWrist>LThigh>Waist>LAnkle
wte_c28ea771af96cf4aff91c9a3fe77d086,RWrist>RUpArm>LAnkle>Waist>LThigh
wte_045e43f566127fea50b339f599d15e77,LAnkle>RUpArm>RWrist>Waist>LThigh
wte_3e97a9fbafb6c34492ce1ada056b5e6f,RUpArm>RWrist>Waist>LThigh>LAnkle
wte_ed22655cc2d9efbb74aae93e2c68bff7,RUpArm>RWrist>Waist>LAnkle>LThigh
wte_b28eb4fcdd8f23f9275e9cdfb148b131,RWrist>RUpArm>Waist>LThigh>LAnkle
wte_38c570626dc7d577d1aa9dba51a54bbf,LAnkle>RWrist>RUpArm>LThigh>Waist
wte_58e4842267a757af066099fefee9f8b3,RWrist>RUpArm>Waist>LAnkle>LThigh
wte_ece77b6e83f06e819df36728def592e0,LAnkle>LThigh>Waist>RWrist>RUpArm
wte_58a4bbb8ee60fabc7c60b67921f54385,RWrist>RUpArm>LAnkle>LThigh>Waist
wte_2f39cd277ae70ecd703d800714e4132c,RWrist>Waist>LThigh>RUpArm>LAnkle
wte_7e9cfcb9c0901351cfd3b6544f4f6779,LAnkle>RUpArm>RWrist>Waist>LThigh
wte_0b1a1c4ea98b8fd93939a633d1717ded,RUpArm>RWrist>Waist>LThigh>LAnkle
wte_ed73c5ed5986e875eb6292c4ab612abb,RWrist>RUpArm>LThigh>LAnkle>Waist
wte_1f276c533d9c64744ff6c21b57ec0cdc,RWrist>RUpArm>LAnkle>Waist>LThigh
wte_5f58cf1331263ca5efddcd5a9c25c42a,RWrist>Waist>RUpArm>LAnkle>LThigh
wte_4f93b53003249551255bee0f6f53a2b8,LAnkle>LThigh>RWrist>Waist>RUpArm
wte_46f2485dffc129df7402c16de2a7f275,Waist>RUpArm>RWrist>LThigh>LAnkle
wte_fdefa72fece94c0b608fe41774d81bde,RWrist>LAnkle>RUpArm>Waist>LThigh
wte_973011b6553e54419343b74b95a20b1f,RWrist>RUpArm>Waist>LThigh>LAnkle
wte_2337af9fe3a719a13483bcfba5c2b6de,RWrist>RUpArm>Waist>LAnkle>LThigh
wte_e417ac4e81ac5561cb7ffb3d2c93f440,RWrist>RUpArm>Waist>LThigh>LAnkle
wte_2938f623397f005e5e92e5f4d0b9257d,LThigh>RWrist>LAnkle>Waist>RUpArm
wte_f1d1d6b8fbf0613e015299795fc43eca,RWrist>RUpArm>Waist>LThigh>LAnkle
wte_ad08fc4b11b359691c5c2c6d72a9df05,RWrist>RUpArm>LAnkle>LThigh>Waist
wte_3a5d75c574b675c87d010ea3cd6a851b,RWrist>RUpArm>LAnkle>LThigh>Waist
wte_0435860086d125aab3bfe5b7a2585d7f,Waist>RUpArm>RWrist>LThigh>LAnkle
wte_6d08bbda54b3da442d3a20497ebc1929,RWrist>RUpArm>Waist>LThigh>LAnkle
wte_33fab0589cec957570dfd78f9c6fe966,RWrist>RUpArm>LThigh>Waist>LAnkle
wte_6a82db302a079e9fa9eafdf0c5056250,LThigh>Waist>RWrist>LAnkle>RUpArm
wte_2c3e3cd63050987c40f10a6c0b56714d,Waist>RUpArm>RWrist>LThigh>LAnkle
wte_eb92c06f1b12f2e9573abe3324656773,RWrist>RUpArm>LAnkle>LThigh>Waist
wte_ed8dc10302a86c013bd1982f1808e0ef,RWrist>RUpArm>LThigh>Waist>LAnkle
wte_b6cc14ac3513e9d77e3221b67e3b71d9,LThigh>LAnkle>Waist>RWrist>RUpArm
wte_1929b85dab032453d0e891c39fd7b9f2,LAnkle>LThigh>RWrist>RUpArm>Waist
wte_ada3f4439d4953ece65b1e17b7ba0bb3,LAnkle>LThigh>RWrist>Waist>RUpArm
wte_e9993cb402aae5c33a720d5f9e32ce96,Waist>RUpArm>LAnkle>RWrist>LThigh
wte_174ee324e86ee58d72716b89115cd89e,RWrist>RUpArm>LAnkle>LThigh>Waist
wte_07b8b663262b7c76478f3b437a5ac1ed,RWrist>RUpArm>LThigh>Waist>LAnkle
wte_9d133bc24f41ada5817fa5af3608936a,LThigh>LAnkle>RWrist>Waist>RUpArm
wte_c55dd2454124e0d1645c61f43b499317,RWrist>Waist>LAnkle>RUpArm>LThigh
wte_53841a6d76a8cdf9a35f29a51d9658c1,RWrist>Waist>LAnkle>RUpArm>LThigh
wte_4f242b41c30b5a9107892336f4a7f6e1,LThigh>LAnkle>RWrist>Waist>RUpArm
wte_a2291ad8b0dff2b66562e6f35e2e8696,RWrist>RUpArm>Waist>LAnkle>LThigh
wte_f0b504842ef9db2f78a5837ad4903cec,RUpArm>Waist>RWrist>LThigh>LAnkle
wte_b404a2869d004b7552d84897f90883b1,RWrist>RUpArm>LAnkle>Waist>LThigh
wte_d298c7288c13fd1b46d20b079577d20a,RWrist>RUpArm>LAnkle>Waist>LThigh
wte_3cfd1a175f048b3597b9056302ddcccb,LThigh>LAnkle>Waist>RWrist>RUpArm
wte_0cb8c08a626b50ce15d7e0ae85ad43a1,RWrist>LThigh>LAnkle>RUpArm>Waist
wte_506531ecb0ee8bf761f1ef327d102e41,RWrist>RUpArm>LAnkle>LThigh>Waist
wte_9ef6b57ff3e3758eb1aa09f874f407cc,RWrist>RUpArm>Waist>LThigh>LAnkle
wte_bede2c9d9f54902fd65d4f1dee147640,LThigh>Waist>LAnkle>RWrist>RUpArm
wte_1ed2e172c895e43b92b39183fa31d4e7,RWrist>LThigh>RUpArm>Waist>LAnkle
wte_b03a111cf91ccdad847b3c24e288a61f,RWrist>LThigh>RUpArm>Waist>LAnkle
wte_88c59ea53e6fec2eb0f557da2bc59a2b,LThigh>LAnkle>RWrist>Waist>RUpArm
wte_ca97660d9c0d47916d5b866d246b3170,RWrist>RUpArm>Waist>LAnkle>LThigh
wte_b9701199057d0f19a1be932c998e6621,RWrist>RUpArm>Waist>LAnkle>LThigh
wte_1a884193591134f2704f53b484638d0a,Waist>RUpArm>LThigh>RWrist>LAnkle
wte_a2c522aade71c234cf171f7cae812c7e,RWrist>RUpArm>LAnkle>Waist>LThigh
wte_11ea1abe7324c41667c5a2d14a878a49,LAnkle>LThigh>RWrist>RUpArm>Waist
wte_25e6d31ad161f650c2d51c14c679450b,LThigh>Waist>LAnkle>RWrist>RUpArm
wte_d99c59b02de0f15aa925e6da04b06bd4,RWrist>RUpArm>LAnkle>Waist>LThigh
wte_6e0f92d4749f54675fd38a37fe95df05,RWrist>RUpArm>Waist>LAnkle>LThigh
wte_ad042350a522552b7e0261f8b6e66b32,RWrist>Waist>RUpArm>LThigh>LAnkle
wte_d9afaff6ee13578bdc5908e1071f636e,RUpArm>Waist>RWrist>LThigh>LAnkle
wte_366e291862c3158a10c08a9c4c93261f,LAnkle>RWrist>RUpArm>Waist>LThigh
wte_6a85f316fe8460183e3944ff6f9a4b6a,RWrist>RUpArm>Waist>LAnkle>LThigh
wte_2bacdf203b8d38592f8ccec75cd4b844,RWrist>RUpArm>LAnkle>Waist>LThigh
wte_288929899168123594382dfab52695a0,RWrist>RUpArm>Waist>LAnkle>LThigh
wte_b52ee0dda057476ec5766e23470f1de7,LAnkle>RWrist>LThigh>RUpArm>Waist
wte_174d726a88453ffc8d346ef04f690452,RWrist>RUpArm>LThigh>Waist>LAnkle
wte_21fb23f3a19d71ce84dd415d16bb3ec3,RWrist>RUpArm>Waist>LThigh>LAnkle
wte_5bf0fb830f4d6ad7e1eff1dd942ba439,RUpArm>LThigh>RWrist>LAnkle>Waist
wte_b52f4d0c314715ea1be22617abb1bc7a,RUpArm>Waist>LThigh>RWrist>LAnkle
wte_98f94522f06cde537b751dae072541da,Waist>RWrist>RUpArm>LAnkle>LThigh
wte_98e90ce648692fb09fd209ba441b2220,LAnkle>RWrist>LThigh>Waist>RUpArm
wte_fb6247176b49c13acec06daef1809421,LThigh>LAnkle>RWrist>Waist>RUpArm
wte_191d1b1ba9d65801ac6434100279a498,RWrist>RUpArm>LAnkle>Waist>LThigh
wte_53bfdb406457ae3515883d6257eb078b,LAnkle>Waist>LThigh>RWrist>RUpArm
wte_0ecafb4b9e9e6f4633496a3cb2b23fe7,RWrist>Waist>RUpArm>LAnkle>LThigh
wte_a5a768a03a87118b9a77400138b7eee2,LThigh>LAnkle>Waist>RWrist>RUpArm
wte_fbd76b77c55668ff0d704507b2962e3f,RWrist>LAnkle>RUpArm>Waist>LThigh
wte_2da368ec7ca79c8fbf3c1395507127e6,Waist>RWrist>LAnkle>LThigh>RUpArm
wte_b1988fb44ef3a7162bfabecf013aab6d,RWrist>RUpArm>LAnkle>Waist>LThigh
wte_b9c6e1baf2f63a3d3d98a3d8f1014d02,RWrist>RUpArm>Waist>LAnkle>LThigh
wte_332a0f0b90ad6c550f784fef79775c92,RWrist>RUpArm>Waist>LAnkle>LThigh
wte_38345b7e399cb97c1a55ff36cbeccc0c,RWrist>RUpArm>Waist>LThigh>LAnkle
wte_07571f2862b37e5effeacf15a605395d,RWrist>RUpArm>LAnkle>Waist>LThigh
wte_49d048a4dcdcbc86dfac9cebaf918764,LThigh>LAnkle>Waist>RWrist>RUpArm
wte_40320c363e14635f1f922229ffeca457,LThigh>LAnkle>Waist>RWrist>RUpArm
wte_9fc9cd0e88737de2dc5ed1567594d3b8,LAnkle>RWrist>RUpArm>Waist>LThigh
wte_0f4d5aa46549b9dba092acbdbdf628b7,RWrist>RUpArm>LAnkle>LThigh>Waist
wte_124370f8defe6c44b6a89bc5856944c4,LAnkle>LThigh>Waist>RWrist>RUpArm
wte_cc7fa1c175a6e48dfbd0537eb5c996d6,LThigh>LAnkle>RWrist>Waist>RUpArm
wte_9dbe6e93894f5a035329b6bee1c16e51,RWrist>LAnkle>RUpArm>Waist>LThigh
wte_1812b4ca59bed162dcc27a9e63f9f411,RWrist>RUpArm>LAnkle>Waist>LThigh
wte_75e789a72b6f52b08b5c65a5bb5608b5,LThigh>LAnkle>Waist>RWrist>RUpArm
wte_fb6af8356a3f90a9497c5a9952643bb3,RWrist>RUpArm>LAnkle>LThigh>Waist
wte_f744672919452054c0e995e7b7dec931,LThigh>RWrist>LAnkle>Waist>RUpArm
wte_cbcc3ec62835b7307081d1f039376720,LThigh>LAnkle>Waist>RWrist>RUpArm
wte_57b94246badd8ddc2e87a1d2bf2ab544,RWrist>RUpArm>LAnkle>LThigh>Waist
wte_2376a7fea9976c51720d9e71d3fe6d1e,LAnkle>RWrist>RUpArm>LThigh>Waist
wte_0fdcfb9d0d00e948b91287a84aa8db1c,LThigh>RWrist>LAnkle>Waist>RUpArm
wte_795068192a7305d1604f713bea4af6c7,RWrist>Waist>RUpArm>LAnkle>LThigh
wte_918aaaf3d4f703a1b19fc6176767da7d,RWrist>RUpArm>LAnkle>Waist>LThigh
wte_90a410b0000e0931ff1a6ae05cb5d290,RWrist>RUpArm>LThigh>Waist>LAnkle
wte_f4614556fd018a45f826f126fad45dd7,RWrist>RUpArm>LThigh>Waist>LAnkle
wte_21815408f5d842e8dd79417563726b18,LAnkle>Waist>LThigh>RUpArm>RWrist
wte_5a354707e419d12319782249c6f05057,RWrist>RUpArm>LThigh>Waist>LAnkle
wte_0601147d8ecec25d50583ee804817fd9,RWrist>RUpArm>LAnkle>LThigh>Waist
wte_03c22bd30f192840e501ef832729c224,RWrist>RUpArm>LAnkle>LThigh>Waist
